Rank,Parameters,Total Trades,Winning Trades,Losing Trades,Win Rate (%),Max Profit,Max Loss,Total PnL,Max Drawdown,Profit Factor
1,ema9Len=3.0,529,199,330,37.62,79717.50,-27919.50,277895.00,116022.00,1.3539
2,ema9Len=15.0,169,73,96,43.20,57410.50,-36502.50,275504.50,83464.00,1.6396
3,ema9Len=19.0,141,60,81,42.55,57410.50,-34704.50,270358.50,86636.50,1.7172
4,ema9Len=16.0,163,68,95,41.72,57410.50,-36502.50,262163.50,83464.00,1.6225
5,ema9Len=18.0,145,63,82,43.45,57410.50,-34704.50,260267.50,86636.50,1.6683
6,ema9Len=2.0,590,219,371,37.12,66584.00,-29274.50,258981.00,125615.00,1.3090
7,ema9Len=20.0,131,58,73,44.27,57410.50,-34704.50,240501.50,86636.50,1.6403
8,ema9Len=7.0,362,143,219,39.50,55342.50,-27919.50,236568.50,65796.00,1.3717
9,ema9Len=17.0,153,65,88,42.48,57410.50,-36502.50,234834.50,95777.50,1.5772
10,ema9Len=13.0,200,83,117,41.50,57410.50,-36502.50,221536.00,83464.00,1.4490
11,ema9Len=10.0,260,100,160,38.46,57410.50,-36502.50,216401.50,54772.00,1.4116
12,ema9Len=11.0,238,92,146,38.66,57410.50,-36502.50,216397.50,54772.00,1.4260
13,ema9Len=14.0,189,80,109,42.33,57410.50,-36502.50,203030.50,83464.00,1.4167
14,ema9Len=12.0,216,86,130,39.81,57410.50,-36502.50,202478.00,83464.00,1.3999
15,ema9Len=4.0,481,178,303,37.01,54180.50,-27919.50,196078.00,102908.00,1.2630
16,ema9Len=6.0,386,146,240,37.82,54180.50,-27919.50,193792.50,74105.00,1.2818
17,ema9Len=5.0,423,158,265,37.35,54180.50,-27919.50,183665.00,80374.00,1.2544
18,ema9Len=8.0,322,123,199,38.20,55342.50,-40973.00,157099.50,68526.00,1.2450
19,ema9Len=9.0,292,107,185,36.64,55342.50,-40973.00,155982.50,68526.00,1.2600
20,ema9Len=22.0,256,136,120,53.12,41245.50,-46308.00,62255.00,110415.50,1.1089
21,ema9Len=28.0,266,139,127,52.26,41245.50,-46308.00,23727.00,121561.00,1.0406
22,ema9Len=24.0,262,139,123,53.05,41245.50,-46308.00,17011.00,143113.00,1.0291
23,ema9Len=25.0,262,139,123,53.05,41245.50,-46308.00,17011.00,143113.00,1.0291
24,ema9Len=26.0,262,138,124,52.67,41245.50,-46308.00,14674.00,143113.00,1.0251
25,ema9Len=27.0,262,137,125,52.29,41245.50,-46308.00,10272.00,147515.00,1.0175
26,ema9Len=21.0,0,0,0,0.00,0.00,0.00,0.00,0.00,0.0000
27,ema9Len=23.0,258,135,123,52.33,41245.50,-46308.00,-1116.00,160215.00,0.9981
28,ema9Len=33.0,260,133,127,51.15,41245.50,-35792.50,-2164.00,104912.00,0.9964
29,ema9Len=29.0,268,138,130,51.49,41245.50,-46308.00,-6100.00,137391.00,0.9898
30,ema9Len=30.0,268,138,130,51.49,41245.50,-35792.50,-8258.00,139975.00,0.9862
31,ema9Len=98.0,186,109,77,58.60,66584.00,-66543.50,-9197.50,142182.00,0.9827
32,ema9Len=35.0,260,132,128,50.77,41245.50,-35792.50,-9648.00,110419.50,0.9842
33,ema9Len=34.0,260,132,128,50.77,41245.50,-35792.50,-9648.00,110419.50,0.9842
34,ema9Len=95.0,188,110,78,58.51,66584.00,-66543.50,-13004.50,145989.00,0.9758
35,ema9Len=96.0,188,110,78,58.51,66584.00,-66543.50,-13004.50,145989.00,0.9758
36,ema9Len=97.0,188,110,78,58.51,66584.00,-66543.50,-13004.50,145989.00,0.9758
37,ema9Len=31.0,266,137,129,51.50,41245.50,-35792.50,-13809.00,127869.00,0.9772
38,ema9Len=100.0,182,107,75,58.79,66584.00,-66543.50,-14691.50,150275.00,0.9721
39,ema9Len=41.0,260,136,124,52.31,41245.50,-35792.50,-15328.00,101773.50,0.9748
40,ema9Len=42.0,260,136,124,52.31,41245.50,-35792.50,-15328.00,101773.50,0.9748
41,ema9Len=32.0,260,134,126,51.54,41245.50,-35792.50,-16397.00,126880.00,0.9727
42,ema9Len=40.0,260,135,125,51.92,41245.50,-35792.50,-17138.00,103583.50,0.9718
43,ema9Len=39.0,262,137,125,52.29,41245.50,-35792.50,-17256.00,105313.50,0.9717
44,ema9Len=99.0,184,108,76,58.70,66584.00,-66543.50,-17290.50,150275.00,0.9678
45,ema9Len=37.0,266,137,129,51.50,41245.50,-35792.50,-25305.00,110294.50,0.9592
46,ema9Len=36.0,260,133,127,51.15,41245.50,-35792.50,-25406.00,106065.50,0.9588
47,ema9Len=86.0,190,111,79,58.42,66584.00,-66543.50,-26943.50,174155.00,0.9506
48,ema9Len=38.0,262,136,126,51.91,41245.50,-35792.50,-27729.00,110294.50,0.9552
49,ema9Len=85.0,190,111,79,58.42,66584.00,-66543.50,-27987.50,174155.00,0.9487
50,ema9Len=87.0,188,108,80,57.45,66584.00,-66543.50,-29157.50,174155.00,0.9466
51,ema9Len=90.0,186,109,77,58.60,66584.00,-66543.50,-34800.50,169881.00,0.9364
52,ema9Len=91.0,186,109,77,58.60,66584.00,-66543.50,-34800.50,169881.00,0.9364
53,ema9Len=92.0,186,109,77,58.60,66584.00,-66543.50,-34800.50,169881.00,0.9364
54,ema9Len=94.0,188,109,79,57.98,66584.00,-66543.50,-36896.50,169881.00,0.9330
55,ema9Len=93.0,188,109,79,57.98,66584.00,-66543.50,-36896.50,169881.00,0.9330
56,ema9Len=49.0,254,138,116,54.33,37536.50,-44303.50,-38789.00,110484.50,0.9360
57,ema9Len=88.0,186,107,79,57.53,66584.00,-66543.50,-46520.50,174176.00,0.9157
58,ema9Len=89.0,186,107,79,57.53,66584.00,-66543.50,-46520.50,174176.00,0.9157
59,ema9Len=48.0,256,137,119,53.52,37536.50,-44303.50,-52240.00,120181.50,0.9151
60,ema9Len=47.0,258,137,121,53.10,37536.50,-44303.50,-52682.00,120181.50,0.9146
61,ema9Len=46.0,256,135,121,52.73,37536.50,-44303.50,-54031.00,120181.50,0.9120
62,ema9Len=44.0,258,136,122,52.71,37536.50,-44303.50,-64166.00,124417.00,0.8976
63,ema9Len=43.0,260,136,124,52.31,37536.50,-44303.50,-66316.00,126567.00,0.8945
64,ema9Len=45.0,258,135,123,52.33,37536.50,-44303.50,-71477.00,131728.00,0.8864
65,ema9Len=52.0,244,135,109,55.33,22614.50,-50605.50,-109306.00,178051.00,0.8213
66,ema9Len=50.0,252,137,115,54.37,22614.50,-50605.50,-111152.00,180184.00,0.8209
67,ema9Len=51.0,250,136,114,54.40,22614.50,-50605.50,-111439.00,180184.00,0.8205
68,ema9Len=76.0,199,116,83,58.29,22392.50,-66543.50,-124532.50,213042.00,0.7807
69,ema9Len=53.0,240,134,106,55.83,22614.50,-61121.00,-125451.00,195463.00,0.7906
70,ema9Len=74.0,201,116,85,57.71,22392.50,-66543.50,-126048.50,213042.00,0.7785
71,ema9Len=75.0,201,116,85,57.71,22392.50,-66543.50,-126048.50,213042.00,0.7785
72,ema9Len=77.0,197,114,83,57.87,22392.50,-66543.50,-132533.50,213042.00,0.7678
73,ema9Len=72.0,205,119,86,58.05,22392.50,-66543.50,-132785.50,219779.00,0.7754
74,ema9Len=73.0,203,117,86,57.64,22392.50,-66543.50,-133856.50,220850.00,0.7690
75,ema9Len=78.0,197,113,84,57.36,22392.50,-66543.50,-136208.50,200660.00,0.7618
76,ema9Len=79.0,197,113,84,57.36,22392.50,-66543.50,-136208.50,200660.00,0.7618
77,ema9Len=71.0,205,118,87,57.56,22392.50,-66543.50,-137187.50,224181.00,0.7694
78,ema9Len=70.0,214,121,93,56.54,22392.50,-66543.50,-140999.00,228710.00,0.7665
79,ema9Len=68.0,218,127,91,58.26,21880.00,-61121.00,-141878.00,233649.00,0.7578
80,ema9Len=67.0,220,128,92,58.18,21880.00,-61121.00,-142209.00,233649.00,0.7574
81,ema9Len=81.0,196,113,83,57.65,22392.50,-66543.50,-143688.50,208379.00,0.7520
82,ema9Len=82.0,196,113,83,57.65,22392.50,-66543.50,-143688.50,208379.00,0.7520
83,ema9Len=80.0,197,113,84,57.36,22392.50,-66543.50,-143927.50,208379.00,0.7517
84,ema9Len=64.0,222,129,93,58.11,21880.00,-61121.00,-147606.00,239046.00,0.7516
85,ema9Len=65.0,222,129,93,58.11,21880.00,-61121.00,-147606.00,239046.00,0.7516
86,ema9Len=66.0,222,129,93,58.11,21880.00,-61121.00,-147606.00,239046.00,0.7516
87,ema9Len=83.0,194,112,82,57.73,22392.50,-66543.50,-156928.50,212937.00,0.7322
88,ema9Len=69.0,216,125,91,57.87,21880.00,-61121.00,-157591.00,248630.00,0.7337
89,ema9Len=63.0,224,129,95,57.59,21880.00,-61121.00,-157930.00,245450.00,0.7352
90,ema9Len=56.0,230,131,99,56.96,21880.00,-61121.00,-161607.00,237220.00,0.7321
91,ema9Len=55.0,232,131,101,56.47,21880.00,-61121.00,-161910.00,237220.00,0.7317
92,ema9Len=57.0,228,130,98,57.02,21880.00,-61121.00,-164667.00,239370.00,0.7279
93,ema9Len=54.0,236,132,104,55.93,21880.00,-61121.00,-165382.00,240692.00,0.7272
94,ema9Len=84.0,192,110,82,57.29,22392.50,-66543.50,-167798.50,223807.00,0.7145
95,ema9Len=58.0,226,128,98,56.64,21880.00,-61121.00,-170747.00,245450.00,0.7190
96,ema9Len=59.0,226,128,98,56.64,21880.00,-61121.00,-170747.00,245450.00,0.7190
97,ema9Len=60.0,226,128,98,56.64,21880.00,-61121.00,-170747.00,245450.00,0.7190
98,ema9Len=61.0,224,127,97,56.70,21880.00,-61121.00,-170776.00,245450.00,0.7189
99,ema9Len=62.0,224,127,97,56.70,21880.00,-61121.00,-170776.00,245450.00,0.7189
