test_sequence_id,python_file_path,main_ohlc_path,additional_ohlc_path,parameter_name,param_from,param_to,param_step
TEST_004,/Users/saransh/StrategyTester_v1/uploads/version_11.py,/Users/saransh/StrategyTester_v1/uploads/OANDA_XAUUSD_23min.csv,,length,1,30,1
TEST_004,/Users/saransh/StrategyTester_v1/uploads/version_11.py,/Users/saransh/StrategyTester_v1/uploads/OANDA_XAUUSD_23min.csv,,mult,0.1,3,0.1
TEST_004,/Users/saransh/StrategyTester_v1/uploads/version_11.py,/Users/saransh/StrategyTester_v1/uploads/OANDA_XAUUSD_23min.csv,,ema9Len,50,60,1
TEST_004,/Users/saransh/StrategyTester_v1/uploads/version_11.py,/Users/saransh/StrategyTester_v1/uploads/OANDA_XAUUSD_23min.csv,,ema21Len,30,40,1
TEST_005,/Users/saransh/StrategyTester_v1/uploads/version_11.py,/Users/saransh/StrategyTester_v1/uploads/OANDA_XAUUSD_23min.csv,,length,1,30,1
TEST_005,/Users/saransh/StrategyTester_v1/uploads/version_11.py,/Users/saransh/StrategyTester_v1/uploads/OANDA_XAUUSD_23min.csv,,mult,0.1,3,0.1
TEST_005,/Users/saransh/StrategyTester_v1/uploads/version_11.py,/Users/saransh/StrategyTester_v1/uploads/OANDA_XAUUSD_23min.csv,,ema9Len,50,60,1
TEST_005,/Users/saransh/StrategyTester_v1/uploads/version_11.py,/Users/saransh/StrategyTester_v1/uploads/OANDA_XAUUSD_23min.csv,,ema21Len,40,50,1
TEST_006,/Users/saransh/StrategyTester_v1/uploads/version_11.py,/Users/saransh/StrategyTester_v1/uploads/OANDA_XAUUSD_23min.csv,,length,1,30,1
TEST_006,/Users/saransh/StrategyTester_v1/uploads/version_11.py,/Users/saransh/StrategyTester_v1/uploads/OANDA_XAUUSD_23min.csv,,mult,0.1,3,0.1
TEST_006,/Users/saransh/StrategyTester_v1/uploads/version_11.py,/Users/saransh/StrategyTester_v1/uploads/OANDA_XAUUSD_23min.csv,,ema9Len,50,60,1
TEST_006,/Users/saransh/StrategyTester_v1/uploads/version_11.py,/Users/saransh/StrategyTester_v1/uploads/OANDA_XAUUSD_23min.csv,,ema21Len,50,60,1